cxmt_revenue_2024_bn,implied_mcap_bn_from_peer_ps,implied_ps_ratio,model_r2,ln_rev_coef
241.7824867403,1635.782083699919,6.765511041570692,0.0815032101036205,0.22953234864288075
