scenario,pe_assumption,revenue_2025_bn,implied_valuation_bn
保守,8,617.9932154681,4943.9457237448
中性,15,617.9932154681,9269.8982320215
乐观,25,617.9932154681,15449.830386702499
